,id,other_subscription
0,55885858,y
1,55885859,y
2,55885860,
3,55885861,y
4,55885862,
5,55885863,
6,55885864,y
7,55885865,y
8,55885866,y
9,55885867,
10,55885868,y
11,55885869,y
12,55885870,
13,55885871,
14,55885872,y
15,55885873,
16,55885874,y
17,55885875,
18,55885876,y
19,55885877,
20,55885878,y
21,55885879,y
22,55885880,
23,55885881,y
24,55885882,
25,55885883,
26,55885884,y
27,55885885,
28,55885886,
29,55885887,y
30,55885888,
31,55885889,y
32,55885890,y
33,55885891,
34,55885892,
35,55885893,y
36,55885894,
37,55885895,
38,55885896,y
39,55885897,
40,55885898,
41,55885899,
42,55885900,
43,55885901,y
44,55885902,y
45,55885903,
46,55885904,y
47,55885905,y
48,55885906,y
49,55885907,y
50,55885908,y
51,55885909,y
52,55885910,y
53,55885911,y
54,55885912,
55,55885913,
56,55885914,
57,55885915,y
58,55885916,
59,55885917,y
60,55885918,y
61,55885919,y
62,55885920,
63,55885921,
64,55885922,y
65,55885923,
66,55885924,
67,55885925,
68,55885926,y
69,55885927,
70,55885928,
71,55885929,y
72,55885930,y
73,55885931,y
74,55885932,
75,55885933,
76,55885934,
77,55885935,
78,55885936,y
79,55885937,y
80,55885938,y
81,55885939,y
82,55885940,y
83,55885941,
84,55885942,
85,55885943,
86,55885944,
87,55885945,
88,55885946,
89,55885947,y
90,55885948,
91,55885949,
92,55885950,
93,55885951,y
94,55885952,y
95,55885953,y
96,55885954,
97,55885955,y
98,55885956,
99,55885957,y
100,55885958,y
101,55885959,
102,55885960,
103,55885961,
104,55885962,
105,55885963,
106,55885964,
107,55885965,
108,55885966,
109,55885967,y
110,55885968,y
111,55885969,y
112,55885970,y
113,55885971,y
114,55885972,
115,55885973,y
116,55885974,
117,55885975,
118,55885976,y
119,55885977,
120,55885978,y
121,55885979,
122,55885980,
123,55885981,
124,55885982,
125,55885983,y
126,55885984,
127,55885985,y
128,55885986,
129,55885987,
130,55885988,y
131,55885989,y
132,55885990,
133,55885991,y
134,55885992,y
135,55885993,
136,55885994,
137,55885995,
138,55885996,y
139,55885997,y
140,55885998,
141,55885999,y
142,55886000,
143,55886001,
144,55886002,y
145,55886003,y
146,55886004,y
147,55886005,
148,55886006,
149,55886007,
150,55886008,
151,55886009,
152,55886010,
153,55886011,y
154,55886012,y
155,55886013,
156,55886014,y
157,55886015,y
158,55886016,
159,55886017,y
160,55886018,
161,55886019,y
162,55886020,y
163,55886021,
164,55886022,
165,55886023,
166,55886024,y
167,55886025,y
168,55886026,y
169,55886027,y
170,55886028,y
171,55886029,
172,55886030,
173,55886031,y
174,55886032,
175,55886033,
176,55886034,y
177,55886035,y
178,55886036,y
179,55886037,y
180,55886038,y
181,55886039,
182,55886040,
183,55886041,
184,55886042,
185,55886043,
186,55886044,
187,55886045,
188,55886046,y
189,55886047,y
190,55886048,
191,55886049,
192,55886050,y
193,55886051,y
194,55886052,
195,55886053,
196,55886054,
197,55886055,y
198,55886056,
199,55886057,
200,55886058,y
201,55886059,
202,55886060,y
203,55886061,
204,55886062,
205,55886063,y
206,55886064,y
207,55886065,
208,55886066,y
209,55886067,
210,55886068,
211,55886069,y
212,55886070,
213,55886071,y
214,55886072,y
215,55886073,y
216,55886074,y
217,55886075,y
218,55886076,y
219,55886077,
220,55886078,y
221,55886079,y
222,55886080,y
223,55886081,
224,55886082,y
225,55886083,
226,55886084,
227,55886085,
228,55886086,
229,55886087,y
230,55886088,
231,55886089,
232,55886090,
233,55886091,
234,55886092,y
235,55886093,y
236,55886094,y
237,55886095,
238,55886096,y
239,55886097,
240,55886098,y
241,55886099,y
242,55886100,y
243,55886101,y
244,55886102,y
245,55886103,y
246,55886104,
247,55886105,
248,55886106,
249,55886107,
250,55886108,y
251,55886109,
252,55886110,y
253,55886111,y
254,55886112,
255,55886113,y
256,55886114,
257,55886115,
258,55886116,
259,55886117,
260,55886118,y
261,55886119,
262,55886120,y
263,55886121,
264,55886122,
265,55886123,y
266,55886124,y
267,55886125,y
268,55886126,
269,55886127,y
270,55886128,
271,55886129,y
272,55886130,
273,55886131,
274,55886132,y
275,55886133,
276,55886134,
277,55886135,
278,55886136,y
279,55886137,y
280,55886138,y
281,55886139,y
282,55886140,y
283,55886141,
284,55886142,y
285,55886143,
286,55886144,
287,55886145,
288,55886146,y
289,55886147,y
290,55886148,y
291,55886149,y
292,55886150,
293,55886151,
294,55886152,y
295,55886153,
296,55886154,
297,55886155,y
298,55886156,
299,55886157,y
300,55886158,
301,55886159,
302,55886160,y
303,55886161,y
304,55886162,y
305,55886163,y
306,55886164,y
307,55886165,y
308,55886166,
309,55886167,
310,55886168,
311,55886169,y
312,55886170,y
313,55886171,
314,55886172,y
315,55886173,
316,55886174,y
317,55886175,y
318,55886176,y
319,55886177,
320,55886178,y
321,55886179,
322,55886180,y
323,55886181,
324,55886182,
325,55886183,y
326,55886184,
327,55886185,
328,55886186,y
329,55886187,y
330,55886188,y
331,55886189,y
332,55886190,y
333,55886191,
334,55886192,y
335,55886193,y
336,55886194,y
337,55886195,
338,55886196,y
339,55886197,
340,55886198,
341,55886199,
342,55886200,
343,55886201,y
344,55886202,y
345,55886203,
346,55886204,
347,55886205,
348,55886206,y
349,55886207,
350,55886208,y
351,55886209,
352,55886210,y
353,55886211,y
354,55886212,
355,55886213,y
356,55886214,y
357,55886215,y
358,55886216,
359,55886217,
360,55886218,
361,55886219,
362,55886220,y
363,55886221,
364,55886222,y
365,55886223,
366,55886224,y
367,55886225,y
368,55886226,y
369,55886227,y
370,55886228,
371,55886229,y
372,55886230,
373,55886231,y
374,55886232,
375,55886233,y
376,55886234,
377,55886235,y
378,55886236,y
379,55886237,
380,55886238,
381,55886239,
382,55886240,y
383,55886241,y
384,55886242,
385,55886243,
386,55886244,
387,55886245,
388,55886246,y
389,55886247,y
390,55886248,y
391,55886249,y
392,55886250,y
393,55886251,
394,55886252,y
395,55886253,y
396,55886254,y
397,55886255,
398,55886256,
399,55886257,y
400,55886258,
401,55886259,
402,55886260,y
403,55886261,y
404,55886262,y
405,55886263,y
406,55886264,y
407,55886265,y
408,55886266,y
409,55886267,
410,55886268,y
411,55886269,y
412,55886270,y
413,55886271,
414,55886272,y
415,55886273,y
416,55886274,y
417,55886275,y
418,55886276,
419,55886277,y
420,55886278,y
421,55886279,y
422,55886280,y
423,55886281,
424,55886282,
425,55886283,
426,55886284,y
427,55886285,y
428,55886286,y
429,55886287,y
430,55886288,y
431,55886289,
432,55886290,
433,55886291,
434,55886292,y
435,55886293,y
436,55886294,y
437,55886295,y
438,55886296,
439,55886297,y
440,55886298,y
441,55886299,
442,55886300,
443,55886301,y
444,55886302,y
445,55886303,
446,55886304,
447,55886305,
448,55886306,y
449,55886307,
450,55886308,y
451,55886309,y
452,55886310,y
453,55886311,y
454,55886312,y
455,55886313,y
456,55886314,y
457,55886315,
458,55886316,y
459,55886317,
460,55886318,
461,55886319,y
462,55886320,y
463,55886321,y
464,55886322,y
465,55886323,
466,55886324,
467,55886325,y
468,55886326,y
469,55886327,y
470,55886328,
471,55886329,y
472,55886330,
473,55886331,
474,55886332,
475,55886333,y
476,55886334,y
477,55886335,y
478,55886336,y
479,55886337,y
480,55886338,y
481,55886339,
482,55886340,y
483,55886341,
484,55886342,
485,55886343,
486,55886344,
487,55886345,y
488,55886346,
489,55886347,
490,55886348,
491,55886349,y
492,55886350,y
493,55886351,y
494,55886352,y
495,55886353,y
496,55886354,
497,55886355,y
498,55886356,
499,55886357,y
500,55886358,y
501,55886359,
502,55886360,y
503,55886361,
504,55886362,y
505,55886363,
506,55886364,
507,55886365,
508,55886366,
509,55886367,
510,55886368,y
511,55886369,
512,55886370,y
513,55886371,
514,55886372,
515,55886373,y
516,55886374,
517,55886375,
518,55886376,y
519,55886377,y
520,55886378,y
521,55886379,
522,55886380,y
523,55886381,
524,55886382,y
525,55886383,y
526,55886384,
527,55886385,y
528,55886386,y
529,55886387,
530,55886388,
531,55886389,
532,55886390,y
533,55886391,
534,55886392,
535,55886393,y
536,55886394,
537,55886395,y
538,55886396,
539,55886397,
540,55886398,
541,55886399,
542,55886400,
543,55886401,
544,55886402,
545,55886403,y
546,55886404,
547,55886405,
548,55886406,
549,55886407,
550,55886408,
551,55886409,y
552,55886410,
553,55886411,
554,55886412,y
555,55886413,y
556,55886414,y
557,55886415,
558,55886416,
559,55886417,
560,55886418,
561,55886419,
562,55886420,y
563,55886421,y
564,55886422,
565,55886423,
566,55886424,y
567,55886425,
568,55886426,y
569,55886427,y
570,55886428,y
571,55886429,
572,55886430,y
573,55886431,
574,55886432,y
575,55886433,
576,55886434,
577,55886435,y
578,55886436,y
579,55886437,y
580,55886438,y
581,55886439,
582,55886440,
583,55886441,y
584,55886442,y
585,55886443,
586,55886444,y
587,55886445,
588,55886446,y
589,55886447,y
590,55886448,y
591,55886449,
592,55886450,y
593,55886451,y
594,55886452,
595,55886453,y
596,55886454,
597,55886455,
598,55886456,y
599,55886457,y
600,55886458,y
601,55886459,y
602,55886460,
603,55886461,
604,55886462,y
605,55886463,y
606,55886464,
607,55886465,y
608,55886466,
609,55886467,
610,55886468,y
611,55886469,y
612,55886470,y
613,55886471,y
614,55886472,y
615,55886473,y
616,55886474,
617,55886475,y
618,55886476,y
619,55886477,y
620,55886478,
621,55886479,y
622,55886480,y
623,55886481,y
624,55886482,
625,55886483,y
626,55886484,y
627,55886485,y
628,55886486,
629,55886487,y
630,55886488,y
631,55886489,
632,55886490,y
633,55886491,y
634,55886492,
635,55886493,y
636,55886494,
637,55886495,
638,55886496,y
639,55886497,
640,55886498,y
641,55886499,
642,55886500,
643,55886501,
644,55886502,
645,55886503,
646,55886504,y
647,55886505,
648,55886506,
649,55886507,
650,55886508,y
651,55886509,y
652,55886510,
653,55886511,
654,55886512,y
655,55886513,y
656,55886514,y
657,55886515,
658,55886516,y
659,55886517,y
660,55886518,
661,55886519,
662,55886520,y
663,55886521,
664,55886522,y
665,55886523,
666,55886524,
667,55886525,y
668,55886526,y
669,55886527,y
670,55886528,
671,55886529,
672,55886530,y
673,55886531,
674,55886532,y
675,55886533,y
676,55886534,y
677,55886535,y
678,55886536,y
679,55886537,
680,55886538,
681,55886539,
682,55886540,
683,55886541,
684,55886542,
685,55886543,
686,55886544,
687,55886545,
688,55886546,
689,55886547,y
690,55886548,
691,55886549,
692,55886550,
693,55886551,
694,55886552,y
695,55886553,y
696,55886554,y
697,55886555,
698,55886556,y
699,55886557,
700,55886558,y
701,55886559,
702,55886560,
703,55886561,
704,55886562,
705,55886563,
706,55886564,
707,55886565,
708,55886566,y
709,55886567,
710,55886568,y
711,55886569,y
712,55886570,y
713,55886571,
714,55886572,y
715,55886573,y
716,55886574,
717,55886575,
718,55886576,y
719,55886577,
720,55886578,
721,55886579,
722,55886580,y
723,55886581,y
724,55886582,
725,55886583,
726,55886584,y
727,55886585,
728,55886586,y
729,55886587,
730,55886588,
731,55886589,
732,55886590,
733,55886591,y
734,55886592,
735,55886593,y
736,55886594,y
737,55886595,y
738,55886596,
739,55886597,y
740,55886598,
741,55886599,
742,55886600,y
743,55886601,y
744,55886602,y
745,55886603,
746,55886604,y
747,55886605,y
748,55886606,y
749,55886607,y
750,55886608,
751,55886609,y
752,55886610,
753,55886611,y
754,55886612,
755,55886613,y
756,55886614,
757,55886615,
758,55886616,
759,55886617,y
760,55886618,
761,55886619,y
762,55886620,y
763,55886621,
764,55886622,y
765,55886623,
766,55886624,
767,55886625,
768,55886626,
769,55886627,y
770,55886628,
771,55886629,
772,55886630,
773,55886631,
774,55886632,
775,55886633,y
776,55886634,y
777,55886635,y
778,55886636,
779,55886637,
780,55886638,y
781,55886639,
782,55886640,
783,55886641,y
784,55886642,
785,55886643,
786,55886644,
787,55886645,
788,55886646,y
789,55886647,
790,55886648,y
791,55886649,y
792,55886650,
793,55886651,y
794,55886652,y
795,55886653,y
796,55886654,y
797,55886655,y
798,55886656,
799,55886657,y
800,55886658,
801,55886659,y
802,55886660,y
803,55886661,y
804,55886662,
805,55886663,
806,55886664,y
807,55886665,
808,55886666,y
809,55886667,y
810,55886668,y
811,55886669,
812,55886670,y
813,55886671,y
814,55886672,
815,55886673,
816,55886674,y
817,55886675,y
818,55886676,
819,55886677,y
820,55886678,
821,55886679,
822,55886680,
823,55886681,
824,55886682,
825,55886683,
826,55886684,y
827,55886685,
828,55886686,
829,55886687,y
830,55886688,
831,55886689,y
832,55886690,y
833,55886691,y
834,55886692,
835,55886693,y
836,55886694,y
837,55886695,y
838,55886696,y
839,55886697,y
840,55886698,
841,55886699,y
842,55886700,y
843,55886701,y
844,55886702,y
845,55886703,
846,55886704,y
847,55886705,y
848,55886706,
849,55886707,y
850,55886708,
851,55886709,y
852,55886710,
853,55886711,y
854,55886712,y
855,55886713,y
856,55886714,y
857,55886715,y
858,55886716,
859,55886717,y
860,55886718,
861,55886719,
862,55886720,
863,55886721,y
864,55886722,y
865,55886723,
866,55886724,
867,55886725,
868,55886726,
869,55886727,
870,55886728,
871,55886729,y
872,55886730,
873,55886731,y
874,55886732,
875,55886733,
876,55886734,
877,55886735,y
878,55886736,y
879,55886737,y
880,55886738,y
881,55886739,
882,55886740,
883,55886741,y
884,55886742,y
885,55886743,
886,55886744,y
887,55886745,
888,55886746,
889,55886747,
890,55886748,
891,55886749,y
892,55886750,y
893,55886751,
894,55886752,y
895,55886753,y
896,55886754,
897,55886755,
898,55886756,y
899,55886757,y
900,55886758,y
901,55886759,
902,55886760,y
903,55886761,
904,55886762,
905,55886763,
906,55886764,
907,55886765,
908,55886766,y
909,55886767,y
910,55886768,
911,55886769,y
912,55886770,y
913,55886771,y
914,55886772,y
915,55886773,
916,55886774,
917,55886775,
918,55886776,y
919,55886777,
920,55886778,y
921,55886779,y
922,55886780,y
923,55886781,
924,55886782,y
925,55886783,
926,55886784,
927,55886785,
928,55886786,
929,55886787,y
930,55886788,y
931,55886789,y
932,55886790,y
933,55886791,
934,55886792,y
935,55886793,y
936,55886794,
937,55886795,
938,55886796,y
939,55886797,y
940,55886798,
941,55886799,
942,55886800,y
943,55886801,
944,55886802,
945,55886803,y
946,55886804,
947,55886805,y
948,55886806,
949,55886807,
950,55886808,y
951,55886809,
952,55886810,
953,55886811,
954,55886812,
955,55886813,
956,55886814,y
957,55886815,y
958,55886816,
959,55886817,
960,55886818,
961,55886819,y
962,55886820,
963,55886821,
964,55886822,y
965,55886823,y
966,55886824,y
967,55886825,y
968,55886826,
969,55886827,y
970,55886828,y
971,55886829,
972,55886830,y
973,55886831,y
974,55886832,y
975,55886833,y
976,55886834,
977,55886835,
978,55886836,
979,55886837,y
980,55886838,
981,55886839,
982,55886840,
983,55886841,
984,55886842,y
985,55886843,
986,55886844,y
987,55886845,
988,55886846,y
989,55886847,y
990,55886848,y
991,55886849,
992,55886850,y
993,55886851,y
994,55886852,y
995,55886853,y
996,55886854,
997,55886855,y
998,55886856,y
999,55886857,
1000,55886858,y
1001,55886859,
1002,55886860,
1003,55886861,
1004,55886862,
1005,55886863,y
1006,55886864,
1007,55886865,
1008,55886866,y
1009,55886867,y
1010,55886868,y
1011,55886869,
1012,55886870,
1013,55886871,
1014,55886872,y
1015,55886873,y
1016,55886874,
1017,55886875,y
1018,55886876,
1019,55886877,
1020,55886878,
1021,55886879,
1022,55886880,y
1023,55886881,y
1024,55886882,
1025,55886883,
1026,55886884,y
1027,55886885,y
1028,55886886,y
1029,55886887,y
1030,55886888,
1031,55886889,y
1032,55886890,
1033,55886891,y
1034,55886892,
1035,55886893,y
1036,55886894,
1037,55886895,
1038,55886896,
1039,55886897,y
1040,55886898,y
1041,55886899,
1042,55886900,y
1043,55886901,y
1044,55886902,
1045,55886903,
1046,55886904,y
1047,55886905,y
1048,55886906,
1049,55886907,y
1050,55886908,
1051,55886909,y
1052,55886910,
1053,55886911,
1054,55886912,y
1055,55886913,
1056,55886914,
1057,55886915,
1058,55886916,
1059,55886917,y
1060,55886918,y
1061,55886919,y
1062,55886920,
1063,55886921,y
1064,55886922,y
1065,55886923,y
1066,55886924,
1067,55886925,
1068,55886926,
1069,55886927,
1070,55886928,
1071,55886929,
1072,55886930,
1073,55886931,y
1074,55886932,
1075,55886933,y
1076,55886934,y
1077,55886935,
1078,55886936,y
1079,55886937,
1080,55886938,
1081,55886939,
1082,55886940,y
1083,55886941,
1084,55886942,y
1085,55886943,y
1086,55886944,y
1087,55886945,y
1088,55886946,
1089,55886947,
1090,55886948,y
1091,55886949,y
1092,55886950,y
1093,55886951,
1094,55886952,y
1095,55886953,
1096,55886954,
1097,55886955,
1098,55886956,y
1099,55886957,y
1100,55886958,
1101,55886959,y
1102,55886960,y
1103,55886961,y
1104,55886962,
1105,55886963,
1106,55886964,y
1107,55886965,
1108,55886966,
1109,55886967,y
1110,55886968,y
1111,55886969,y
1112,55886970,y
1113,55886971,
1114,55886972,
1115,55886973,y
1116,55886974,
1117,55886975,y
1118,55886976,
1119,55886977,y
1120,55886978,
1121,55886979,
1122,55886980,y
1123,55886981,
1124,55886982,y
1125,55886983,y
1126,55886984,y
1127,55886985,
1128,55886986,y
1129,55886987,
1130,55886988,y
1131,55886989,y
1132,55886990,
1133,55886991,
1134,55886992,y
1135,55886993,
1136,55886994,y
1137,55886995,
1138,55886996,
1139,55886997,
1140,55886998,y
1141,55886999,y
1142,55887000,
1143,55887001,y
1144,55887002,
1145,55887003,
1146,55887004,
1147,55887005,
1148,55887006,y
1149,55887007,y
1150,55887008,
1151,55887009,
1152,55887010,
1153,55887011,
1154,55887012,y
1155,55887013,
1156,55887014,y
1157,55887015,y
1158,55887016,
1159,55887017,
1160,55887018,y
1161,55887019,y
1162,55887020,
1163,55887021,y
1164,55887022,
1165,55887023,
1166,55887024,y
1167,55887025,
1168,55887026,
1169,55887027,y
1170,55887028,
1171,55887029,
1172,55887030,y
1173,55887031,y
1174,55887032,y
1175,55887033,
1176,55887034,y
1177,55887035,y
1178,55887036,
1179,55887037,y
1180,55887038,y
1181,55887039,
1182,55887040,
1183,55887041,
1184,55887042,y
1185,55887043,y
1186,55887044,
1187,55887045,y
1188,55887046,y
1189,55887047,
1190,55887048,
1191,55887049,
1192,55887050,
1193,55887051,
1194,55887052,y
1195,55887053,
1196,55887054,y
1197,55887055,y
1198,55887056,y
1199,55887057,
1200,55887058,y
1201,55887059,y
1202,55887060,
1203,55887061,y
1204,55887062,
1205,55887063,
1206,55887064,y
1207,55887065,
1208,55887066,y
1209,55887067,y
1210,55887068,y
1211,55887069,
1212,55887070,y
1213,55887071,
1214,55887072,
1215,55887073,
1216,55887074,
1217,55887075,y
1218,55887076,y
1219,55887077,
1220,55887078,y
1221,55887079,y
1222,55887080,y
1223,55887081,
1224,55887082,y
1225,55887083,
1226,55887084,
1227,55887085,
1228,55887086,y
1229,55887087,
1230,55887088,y
1231,55887089,
1232,55887090,
1233,55887091,
1234,55887092,
1235,55887093,
1236,55887094,
1237,55887095,y
1238,55887096,y
1239,55887097,y
1240,55887098,y
1241,55887099,y
1242,55887100,y
1243,55887101,
1244,55887102,
1245,55887103,
1246,55887104,y
1247,55887105,
1248,55887106,
1249,55887107,y
1250,55887108,y
1251,55887109,y
1252,55887110,
1253,55887111,y
1254,55887112,y
1255,55887113,
1256,55887114,
1257,55887115,
1258,55887116,y
1259,55887117,y
1260,55887118,y
1261,55887119,y
1262,55887120,y
1263,55887121,
1264,55887122,y
1265,55887123,y
1266,55887124,
1267,55887125,
1268,55887126,
1269,55887127,
1270,55887128,y
1271,55887129,
1272,55887130,y
1273,55887131,
1274,55887132,
1275,55887133,
1276,55887134,y
1277,55887135,
1278,55887136,
1279,55887137,y
1280,55887138,y
1281,55887139,
1282,55887140,y
1283,55887141,y
1284,55887142,y
1285,55887143,y
1286,55887144,y
1287,55887145,
1288,55887146,
1289,55887147,
1290,55887148,y
1291,55887149,y
1292,55887150,y
1293,55887151,y
1294,55887152,y
1295,55887153,y
1296,55887154,y
1297,55887155,y
1298,55887156,y
1299,55887157,y
1300,55887158,
1301,55887159,y
1302,55887160,y
1303,55887161,
1304,55887162,
1305,55887163,y
1306,55887164,
1307,55887165,y
1308,55887166,y
1309,55887167,y
1310,55887168,
1311,55887169,
1312,55887170,y
1313,55887171,y
1314,55887172,y
1315,55887173,y
1316,55887174,y
1317,55887175,
1318,55887176,
1319,55887177,
1320,55887178,
1321,55887179,y
1322,55887180,
1323,55887181,y
1324,55887182,
1325,55887183,
1326,55887184,y
1327,55887185,y
1328,55887186,
1329,55887187,y
1330,55887188,y
1331,55887189,
1332,55887190,
1333,55887191,y
1334,55887192,
1335,55887193,y
1336,55887194,y
1337,55887195,y
1338,55887196,
1339,55887197,y
1340,55887198,
1341,55887199,y
1342,55887200,y
1343,55887201,
1344,55887202,
1345,55887203,
1346,55887204,
1347,55887205,y
1348,55887206,
1349,55887207,y
1350,55887208,y
1351,55887209,
1352,55887210,
1353,55887211,
1354,55887212,y
1355,55887213,y
1356,55887214,y
1357,55887215,
1358,55887216,y
1359,55887217,y
1360,55887218,
1361,55887219,
1362,55887220,
1363,55887221,y
1364,55887222,
1365,55887223,y
1366,55887224,y
1367,55887225,
1368,55887226,y
1369,55887227,
1370,55887228,
1371,55887229,
1372,55887230,
1373,55887231,y
1374,55887232,y
1375,55887233,
1376,55887234,
1377,55887235,y
1378,55887236,y
1379,55887237,y
1380,55887238,
1381,55887239,
1382,55887240,
1383,55887241,
1384,55887242,
1385,55887243,
1386,55887244,
1387,55887245,y
1388,55887246,
1389,55887247,
1390,55887248,
1391,55887249,
1392,55887250,y
1393,55887251,
1394,55887252,
1395,55887253,y
1396,55887254,
1397,55887255,
1398,55887256,y
1399,55887257,y
1400,55887258,
1401,55887259,
1402,55887260,
1403,55887261,y
1404,55887262,y
1405,55887263,y
1406,55887264,
1407,55887265,y
1408,55887266,
1409,55887267,
1410,55887268,
1411,55887269,y
1412,55887270,y
1413,55887271,y
1414,55887272,
1415,55887273,y
1416,55887274,
1417,55887275,
1418,55887276,y
1419,55887277,
1420,55887278,y
1421,55887279,
1422,55887280,
1423,55887281,y
1424,55887282,
1425,55887283,
1426,55887284,y
1427,55887285,y
1428,55887286,y
1429,55887287,
1430,55887288,y
1431,55887289,y
1432,55887290,
1433,55887291,y
1434,55887292,y
1435,55887293,y
1436,55887294,
1437,55887295,y
1438,55887296,y
1439,55887297,y
1440,55887298,y
1441,55887299,
1442,55887300,y
1443,55887301,
1444,55887302,
1445,55887303,
1446,55887304,y
1447,55887305,
1448,55887306,
1449,55887307,y
1450,55887308,y
1451,55887309,
1452,55887310,
1453,55887311,
1454,55887312,
1455,55887313,y
1456,55887314,
1457,55887315,y
1458,55887316,
1459,55887317,
1460,55887318,
1461,55887319,
1462,55887320,
1463,55887321,y
1464,55887322,
1465,55887323,
1466,55887324,
1467,55887325,y
1468,55887326,
1469,55887327,y
1470,55887328,
1471,55887329,y
1472,55887330,
1473,55887331,
1474,55887332,y
1475,55887333,
1476,55887334,y
1477,55887335,y
1478,55887336,y
1479,55887337,y
1480,55887338,y
1481,55887339,y
1482,55887340,
1483,55887341,
1484,55887342,
1485,55887343,
1486,55887344,y
1487,55887345,
1488,55887346,y
1489,55887347,y
1490,55887348,y
1491,55887349,
1492,55887350,y
1493,55887351,y
1494,55887352,
1495,55887353,
1496,55887354,y
1497,55887355,y
1498,55887356,
1499,55887357,
1500,55887358,y
1501,55887359,y
1502,55887360,
1503,55887361,y
1504,55887362,y
1505,55887363,
1506,55887364,y
1507,55887365,y
1508,55887366,
1509,55887367,y
1510,55887368,y
1511,55887369,
1512,55887370,
1513,55887371,
1514,55887372,y
1515,55887373,y
1516,55887374,y
1517,55887375,
1518,55887376,
1519,55887377,y
1520,55887378,y
1521,55887379,y
1522,55887380,
1523,55887381,
1524,55887382,y
1525,55887383,y
1526,55887384,y
1527,55887385,y
1528,55887386,y
1529,55887387,y
1530,55887388,y
1531,55887389,
1532,55887390,
1533,55887391,
1534,55887392,
1535,55887393,y
1536,55887394,y
1537,55887395,
1538,55887396,y
1539,55887397,
1540,55887398,
1541,55887399,y
1542,55887400,y
1543,55887401,y
1544,55887402,y
1545,55887403,y
1546,55887404,
1547,55887405,y
1548,55887406,y
1549,55887407,y
1550,55887408,
1551,55887409,
1552,55887410,
1553,55887411,y
1554,55887412,
1555,55887413,
1556,55887414,y
1557,55887415,y
1558,55887416,
1559,55887417,
1560,55887418,y
1561,55887419,y
1562,55887420,y
1563,55887421,
1564,55887422,
1565,55887423,
1566,55887424,y
1567,55887425,
1568,55887426,
1569,55887427,
1570,55887428,y
1571,55887429,y
1572,55887430,y
1573,55887431,y
1574,55887432,y
1575,55887433,y
1576,55887434,y
1577,55887435,
1578,55887436,
1579,55887437,
1580,55887438,
1581,55887439,y
1582,55887440,y
1583,55887441,
1584,55887442,y
1585,55887443,y
1586,55887444,
1587,55887445,y
1588,55887446,y
1589,55887447,
1590,55887448,y
1591,55887449,
1592,55887450,y
1593,55887451,y
1594,55887452,
1595,55887453,y
1596,55887454,
1597,55887455,y
1598,55887456,y
1599,55887457,y
1600,55887458,y
1601,55887459,y
1602,55887460,
1603,55887461,
1604,55887462,
1605,55887463,
1606,55887464,
1607,55887465,
1608,55887466,
1609,55887467,y
1610,55887468,
1611,55887469,y
1612,55887470,y
1613,55887471,
1614,55887472,y
1615,55887473,
1616,55887474,y
1617,55887475,y
1618,55887476,
1619,55887477,
1620,55887478,y
1621,55887479,y
1622,55887480,y
1623,55887481,y
1624,55887482,y
1625,55887483,y
1626,55887484,
1627,55887485,
1628,55887486,y
1629,55887487,
1630,55887488,
1631,55887489,
1632,55887490,
1633,55887491,
1634,55887492,y
1635,55887493,y
1636,55887494,
1637,55887495,
1638,55887496,
1639,55887497,y
1640,55887498,y
1641,55887499,
1642,55887500,
1643,55887501,y
1644,55887502,
1645,55887503,
1646,55887504,y
1647,55887505,y
1648,55887506,
1649,55887507,
1650,55887508,y
1651,55887509,y
1652,55887510,
1653,55887511,
1654,55887512,y
1655,55887513,y
1656,55887514,
1657,55887515,
1658,55887516,
1659,55887517,
1660,55887518,y
1661,55887519,
1662,55887520,y
1663,55887521,
1664,55887522,
1665,55887523,y
1666,55887524,
1667,55887525,y
1668,55887526,
1669,55887527,y
1670,55887528,
1671,55887529,y
1672,55887530,y
1673,55887531,
1674,55887532,
1675,55887533,
1676,55887534,
1677,55887535,y
1678,55887536,
1679,55887537,
1680,55887538,
1681,55887539,
1682,55887540,y
1683,55887541,
1684,55887542,y
1685,55887543,
1686,55887544,y
1687,55887545,y
1688,55887546,
1689,55887547,y
1690,55887548,y
1691,55887549,
1692,55887550,
1693,55887551,
1694,55887552,
1695,55887553,y
1696,55887554,
1697,55887555,y
1698,55887556,
1699,55887557,
1700,55887558,
1701,55887559,y
1702,55887560,
1703,55887561,
1704,55887562,y
1705,55887563,
1706,55887564,
1707,55887565,y
1708,55887566,y
1709,55887567,y
1710,55887568,y
1711,55887569,y
1712,55887570,
1713,55887571,
1714,55887572,y
1715,55887573,
1716,55887574,
1717,55887575,
1718,55887576,y
1719,55887577,y
1720,55887578,
1721,55887579,
1722,55887580,
1723,55887581,y
1724,55887582,y
1725,55887583,
1726,55887584,y
1727,55887585,y
1728,55887586,
1729,55887587,
1730,55887588,y
1731,55887589,
1732,55887590,y
1733,55887591,y
1734,55887592,y
1735,55887593,
1736,55887594,
1737,55887595,
1738,55887596,
1739,55887597,y
1740,55887598,y
1741,55887599,y
1742,55887600,
1743,55887601,
1744,55887602,
1745,55887603,y
1746,55887604,
1747,55887605,y
1748,55887606,y
1749,55887607,y
1750,55887608,y
1751,55887609,y
1752,55887610,
1753,55887611,y
1754,55887612,y
1755,55887613,y
1756,55887614,y
1757,55887615,
1758,55887616,y
1759,55887617,y
1760,55887618,y
1761,55887619,
1762,55887620,y
1763,55887621,
1764,55887622,y
1765,55887623,y
1766,55887624,
1767,55887625,y
1768,55887626,
1769,55887627,
1770,55887628,
1771,55887629,y
1772,55887630,
1773,55887631,y
1774,55887632,
1775,55887633,
1776,55887634,y
1777,55887635,
1778,55887636,
1779,55887637,y
1780,55887638,
1781,55887639,
1782,55887640,
1783,55887641,
1784,55887642,y
1785,55887643,
1786,55887644,y
1787,55887645,y
1788,55887646,
1789,55887647,
1790,55887648,
1791,55887649,
1792,55887650,
1793,55887651,y
1794,55887652,
1795,55887653,
1796,55887654,
1797,55887655,y
1798,55887656,y
1799,55887657,y
1800,55887658,y
1801,55887659,y
1802,55887660,
1803,55887661,
1804,55887662,y
1805,55887663,y
1806,55887664,y
1807,55887665,y
1808,55887666,
1809,55887667,
1810,55887668,
1811,55887669,
1812,55887670,y
1813,55887671,
1814,55887672,y
1815,55887673,
1816,55887674,
1817,55887675,
1818,55887676,
1819,55887677,y
1820,55887678,y
1821,55887679,
1822,55887680,y
1823,55887681,
1824,55887682,y
1825,55887683,y
1826,55887684,y
1827,55887685,
1828,55887686,
1829,55887687,
1830,55887688,
1831,55887689,
1832,55887690,y
1833,55887691,
1834,55887692,y
1835,55887693,
1836,55887694,y
1837,55887695,y
1838,55887696,
1839,55887697,
1840,55887698,
1841,55887699,y
1842,55887700,
1843,55887701,
1844,55887702,
1845,55887703,y
1846,55887704,
1847,55887705,
1848,55887706,
1849,55887707,y
1850,55887708,y
1851,55887709,
1852,55887710,
1853,55887711,
1854,55887712,y
1855,55887713,y
1856,55887714,
1857,55887715,y
1858,55887716,y
1859,55887717,
1860,55887718,y
1861,55887719,
1862,55887720,
1863,55887721,
1864,55887722,
1865,55887723,y
1866,55887724,
1867,55887725,y
1868,55887726,
1869,55887727,
1870,55887728,
1871,55887729,y
1872,55887730,y
1873,55887731,
1874,55887732,y
1875,55887733,y
1876,55887734,y
1877,55887735,
1878,55887736,y
1879,55887737,
1880,55887738,y
1881,55887739,
1882,55887740,
1883,55887741,
1884,55887742,y
1885,55887743,y
1886,55887744,
1887,55887745,
1888,55887746,
1889,55887747,
1890,55887748,
1891,55887749,y
1892,55887750,y
1893,55887751,y
1894,55887752,
1895,55887753,y
1896,55887754,
1897,55887755,y
1898,55887756,y
1899,55887757,y
1900,55887758,
1901,55887759,y
1902,55887760,
1903,55887761,y
1904,55887762,y
1905,55887763,y
1906,55887764,
1907,55887765,
1908,55887766,y
1909,55887767,
1910,55887768,
1911,55887769,
1912,55887770,
1913,55887771,y
1914,55887772,
1915,55887773,y
1916,55887774,
1917,55887775,
1918,55887776,
1919,55887777,y
1920,55887778,y
1921,55887779,y
1922,55887780,
1923,55887781,
1924,55887782,y
1925,55887783,y
1926,55887784,y
1927,55887785,y
1928,55887786,
1929,55887787,
1930,55887788,y
1931,55887789,y
1932,55887790,
1933,55887791,
1934,55887792,y
1935,55887793,
1936,55887794,
1937,55887795,y
1938,55887796,y
1939,55887797,
1940,55887798,
1941,55887799,y
1942,55887800,y
1943,55887801,
1944,55887802,
1945,55887803,y
1946,55887804,
1947,55887805,y
1948,55887806,y
1949,55887807,
1950,55887808,
1951,55887809,
1952,55887810,
1953,55887811,y
1954,55887812,y
1955,55887813,y
1956,55887814,
1957,55887815,y
1958,55887816,y
1959,55887817,y
1960,55887818,y
1961,55887819,
1962,55887820,
1963,55887821,y
1964,55887822,
1965,55887823,
1966,55887824,y
1967,55887825,y
1968,55887826,
1969,55887827,y
1970,55887828,
1971,55887829,
1972,55887830,
1973,55887831,
1974,55887832,
1975,55887833,y
1976,55887834,
1977,55887835,y
1978,55887836,
1979,55887837,
1980,55887838,
1981,55887839,y
1982,55887840,y
1983,55887841,y
1984,55887842,y
1985,55887843,
1986,55887844,y
1987,55887845,
1988,55887846,
1989,55887847,
1990,55887848,y
1991,55887849,y
1992,55887850,y
1993,55887851,y
1994,55887852,
1995,55887853,y
1996,55887854,y
1997,55887855,y
1998,55887856,y
1999,55887857,
2000,55887858,
2001,55887859,
2002,55887860,y
2003,55887861,
2004,55887862,
2005,55887863,y
2006,55887864,y
2007,55887865,y
2008,55887866,
2009,55887867,
2010,55887868,y
2011,55887869,y
2012,55887870,y
2013,55887871,
2014,55887872,
2015,55887873,
2016,55887874,
2017,55887875,
2018,55887876,
2019,55887877,y
2020,55887878,
2021,55887879,
2022,55887880,
2023,55887881,
2024,55887882,y
2025,55887883,
2026,55887884,y
2027,55887885,
2028,55887886,y
2029,55887887,
2030,55887888,
2031,55887889,y
2032,55887890,y
2033,55887891,
2034,55887892,y
2035,55887893,y
2036,55887894,y
2037,55887895,
2038,55887896,y
2039,55887897,y
2040,55887898,y
2041,55887899,y
2042,55887900,
2043,55887901,y
2044,55887902,
2045,55887903,
2046,55887904,
2047,55887905,
2048,55887906,y
2049,55887907,
2050,55887908,
2051,55887909,
2052,55887910,
2053,55887911,
2054,55887912,
2055,55887913,y
2056,55887914,y
2057,55887915,
2058,55887916,y
2059,55887917,
2060,55887918,
2061,55887919,y
2062,55887920,
2063,55887921,
2064,55887922,
2065,55887923,y
2066,55887924,
2067,55887925,
2068,55887926,
2069,55887927,y
2070,55887928,
2071,55887929,
2072,55887930,y
2073,55887931,
2074,55887932,y
2075,55887933,y
2076,55887934,y
2077,55887935,
2078,55887936,
2079,55887937,y
2080,55887938,y
2081,55887939,y
2082,55887940,y
2083,55887941,y
2084,55887942,
2085,55887943,y
2086,55887944,y
2087,55887945,y
2088,55887946,y
2089,55887947,
2090,55887948,
2091,55887949,
2092,55887950,
2093,55887951,y
2094,55887952,y
2095,55887953,y
2096,55887954,y
2097,55887955,
2098,55887956,
2099,55887957,
2100,55887958,y
2101,55887959,
2102,55887960,y
2103,55887961,
2104,55887962,
2105,55887963,y
2106,55887964,
2107,55887965,y
2108,55887966,y
2109,55887967,
2110,55887968,y
2111,55887969,
2112,55887970,y
2113,55887971,
2114,55887972,y
2115,55887973,y
2116,55887974,y
2117,55887975,
2118,55887976,y
2119,55887977,
2120,55887978,y
2121,55887979,y
2122,55887980,y
2123,55887981,y
2124,55887982,y
2125,55887983,y
2126,55887984,
2127,55887985,
2128,55887986,y
2129,55887987,y
2130,55887988,
2131,55887989,y
2132,55887990,y
2133,55887991,y
2134,55887992,y
2135,55887993,y
2136,55887994,y
2137,55887995,
2138,55887996,y
2139,55887997,
2140,55887998,
2141,55887999,y
2142,55888000,
2143,55888001,
2144,55888002,y
2145,55888003,
2146,55888004,y
2147,55888005,y
2148,55888006,y
2149,55888007,
2150,55888008,y
2151,55888009,y
2152,55888010,
2153,55888011,y
2154,55888012,y
2155,55888013,y
2156,55888014,y
2157,55888015,y
2158,55888016,
2159,55888017,y
2160,55888018,
2161,55888019,
2162,55888020,
2163,55888021,y
2164,55888022,y
2165,55888023,y
2166,55888024,
2167,55888025,y
2168,55888026,
2169,55888027,
2170,55888028,y
2171,55888029,y
2172,55888030,y
2173,55888031,
2174,55888032,
2175,55888033,y
2176,55888034,y
2177,55888035,y
2178,55888036,y
2179,55888037,y
2180,55888038,
2181,55888039,y
2182,55888040,
2183,55888041,
2184,55888042,
2185,55888043,
2186,55888044,
2187,55888045,
2188,55888046,
2189,55888047,y
2190,55888048,y
2191,55888049,
2192,55888050,y
2193,55888051,y
2194,55888052,y
2195,55888053,
2196,55888054,y
2197,55888055,y
2198,55888056,
2199,55888057,
2200,55888058,
2201,55888059,y
2202,55888060,y
2203,55888061,y
2204,55888062,y
2205,55888063,
2206,55888064,
2207,55888065,y
2208,55888066,y
2209,55888067,y
2210,55888068,y
2211,55888069,y
2212,55888070,
2213,55888071,y
2214,55888072,
2215,55888073,y
2216,55888074,y
2217,55888075,y
2218,55888076,y
2219,55888077,
2220,55888078,
2221,55888079,
2222,55888080,y
2223,55888081,
2224,55888082,
2225,55888083,y
2226,55888084,y
2227,55888085,y
2228,55888086,y
2229,55888087,
2230,55888088,y
2231,55888089,
2232,55888090,y
2233,55888091,
2234,55888092,y
2235,55888093,y
2236,55888094,
2237,55888095,
2238,55888096,
2239,55888097,y
2240,55888098,
2241,55888099,y
2242,55888100,
2243,55888101,y
2244,55888102,y
2245,55888103,
2246,55888104,
2247,55888105,y
2248,55888106,y
2249,55888107,
2250,55888108,y
2251,55888109,y
2252,55888110,
2253,55888111,
2254,55888112,
2255,55888113,
2256,55888114,y
2257,55888115,y
2258,55888116,
2259,55888117,y
2260,55888118,
2261,55888119,y
2262,55888120,y
2263,55888121,
2264,55888122,
2265,55888123,y
2266,55888124,
2267,55888125,y
2268,55888126,
2269,55888127,
2270,55888128,y
2271,55888129,y
2272,55888130,y
2273,55888131,y
2274,55888132,
2275,55888133,
2276,55888134,y
2277,55888135,y
2278,55888136,
2279,55888137,
2280,55888138,y
2281,55888139,
2282,55888140,y
2283,55888141,
2284,55888142,
2285,55888143,y
2286,55888144,
2287,55888145,y
2288,55888146,
2289,55888147,y
2290,55888148,
2291,55888149,y
2292,55888150,
2293,55888151,
2294,55888152,y
2295,55888153,
2296,55888154,y
2297,55888155,
2298,55888156,y
2299,55888157,y
2300,55888158,
2301,55888159,
2302,55888160,y
2303,55888161,
2304,55888162,
2305,55888163,y
2306,55888164,y
2307,55888165,y
2308,55888166,y
2309,55888167,
2310,55888168,y
2311,55888169,y
2312,55888170,y
2313,55888171,
2314,55888172,y
2315,55888173,y
2316,55888174,
2317,55888175,y
2318,55888176,
2319,55888177,y
2320,55888178,y
2321,55888179,
2322,55888180,y
2323,55888181,y
2324,55888182,y
2325,55888183,y
2326,55888184,
2327,55888185,
2328,55888186,
2329,55888187,
2330,55888188,y
2331,55888189,
2332,55888190,
2333,55888191,
2334,55888192,
2335,55888193,
2336,55888194,
2337,55888195,
2338,55888196,
2339,55888197,
2340,55888198,
2341,55888199,y
2342,55888200,y
2343,55888201,y
2344,55888202,y
2345,55888203,
2346,55888204,y
2347,55888205,y
2348,55888206,
2349,55888207,
2350,55888208,
2351,55888209,
2352,55888210,y
2353,55888211,y
2354,55888212,
2355,55888213,
2356,55888214,y
2357,55888215,
2358,55888216,y
2359,55888217,y
2360,55888218,
2361,55888219,
2362,55888220,y
2363,55888221,
2364,55888222,y
2365,55888223,y
2366,55888224,
2367,55888225,y
2368,55888226,y
2369,55888227,y
2370,55888228,
2371,55888229,y
2372,55888230,
2373,55888231,
2374,55888232,
2375,55888233,
2376,55888234,y
2377,55888235,
2378,55888236,y
2379,55888237,
2380,55888238,
2381,55888239,y
2382,55888240,y
2383,55888241,y
2384,55888242,
2385,55888243,y
2386,55888244,
2387,55888245,
2388,55888246,y
2389,55888247,
2390,55888248,
2391,55888249,y
2392,55888250,
2393,55888251,y
2394,55888252,y
2395,55888253,
2396,55888254,
2397,55888255,y
2398,55888256,
2399,55888257,y
2400,55888258,y
2401,55888259,
2402,55888260,y
2403,55888261,
2404,55888262,
2405,55888263,y
2406,55888264,
2407,55888265,y
2408,55888266,y
2409,55888267,
2410,55888268,
2411,55888269,y
2412,55888270,
2413,55888271,
2414,55888272,
2415,55888273,
2416,55888274,y
2417,55888275,
2418,55888276,
2419,55888277,
2420,55888278,y
2421,55888279,y
2422,55888280,y
2423,55888281,y
2424,55888282,y
2425,55888283,y
2426,55888284,y
2427,55888285,y
2428,55888286,y
2429,55888287,
2430,55888288,y
2431,55888289,
2432,55888290,
2433,55888291,y
2434,55888292,
2435,55888293,y
2436,55888294,y
2437,55888295,y
2438,55888296,
2439,55888297,y
2440,55888298,
2441,55888299,
2442,55888300,y
2443,55888301,y
2444,55888302,y
2445,55888303,y
2446,55888304,
2447,55888305,y
2448,55888306,
2449,55888307,
2450,55888308,
2451,55888309,y
2452,55888310,y
2453,55888311,y
2454,55888312,
2455,55888313,
2456,55888314,y
2457,55888315,
2458,55888316,y
2459,55888317,y
2460,55888318,
2461,55888319,y
2462,55888320,
2463,55888321,
2464,55888322,
2465,55888323,y
2466,55888324,y
2467,55888325,y
2468,55888326,
2469,55888327,
2470,55888328,
2471,55888329,
2472,55888330,
2473,55888331,y
2474,55888332,y
2475,55888333,
2476,55888334,
2477,55888335,
2478,55888336,
2479,55888337,
2480,55888338,
2481,55888339,y
2482,55888340,y
2483,55888341,
2484,55888342,
2485,55888343,
2486,55888344,
2487,55888345,y
2488,55888346,
2489,55888347,
2490,55888348,
2491,55888349,y
2492,55888350,
2493,55888351,y
2494,55888352,y
2495,55888353,
2496,55888354,
2497,55888355,y
2498,55888356,y
2499,55888357,y
2500,55888358,y
2501,55888359,y
2502,55888360,
2503,55888361,
2504,55888362,y
2505,55888363,
2506,55888364,y
2507,55888365,y
2508,55888366,y
2509,55888367,y
2510,55888368,
2511,55888369,
2512,55888370,
2513,55888371,
2514,55888372,
2515,55888373,
2516,55888374,y
2517,55888375,y
2518,55888376,y
2519,55888377,
2520,55888378,
2521,55888379,y
2522,55888380,y
2523,55888381,y
2524,55888382,y
2525,55888383,y
2526,55888384,
2527,55888385,y
2528,55888386,y
2529,55888387,
2530,55888388,
2531,55888389,y
2532,55888390,
2533,55888391,y
2534,55888392,y
2535,55888393,
2536,55888394,y
2537,55888395,
2538,55888396,
2539,55888397,y
2540,55888398,y
2541,55888399,y
2542,55888400,
2543,55888401,
2544,55888402,y
2545,55888403,
2546,55888404,
2547,55888405,y
2548,55888406,
2549,55888407,
2550,55888408,
2551,55888409,y
2552,55888410,y
2553,55888411,
2554,55888412,y
2555,55888413,
2556,55888414,
2557,55888415,y
2558,55888416,y
2559,55888417,
2560,55888418,
2561,55888419,
2562,55888420,y
2563,55888421,y
2564,55888422,y
2565,55888423,y
2566,55888424,
2567,55888425,y
2568,55888426,
2569,55888427,y
2570,55888428,
2571,55888429,
2572,55888430,
2573,55888431,
2574,55888432,y
2575,55888433,y
2576,55888434,y
2577,55888435,
2578,55888436,y
2579,55888437,y
2580,55888438,y
2581,55888439,y
2582,55888440,
2583,55888441,y
2584,55888442,
2585,55888443,
2586,55888444,
2587,55888445,
2588,55888446,
2589,55888447,
2590,55888448,
2591,55888449,y
2592,55888450,y
2593,55888451,y
2594,55888452,y
2595,55888453,y
2596,55888454,
2597,55888455,
2598,55888456,y
2599,55888457,
2600,55888458,y
2601,55888459,
2602,55888460,y
2603,55888461,y
2604,55888462,
2605,55888463,
2606,55888464,
2607,55888465,y
2608,55888466,
2609,55888467,y
2610,55888468,
2611,55888469,y
2612,55888470,
2613,55888471,
2614,55888472,
2615,55888473,y
2616,55888474,
2617,55888475,y
2618,55888476,y
2619,55888477,
2620,55888478,y
2621,55888479,
2622,55888480,
2623,55888481,y
2624,55888482,y
2625,55888483,y
2626,55888484,
2627,55888485,
2628,55888486,y
2629,55888487,y
2630,55888488,y
2631,55888489,
2632,55888490,
2633,55888491,
2634,55888492,y
2635,55888493,y
2636,55888494,
2637,55888495,
2638,55888496,
2639,55888497,y
2640,55888498,
2641,55888499,
2642,55888500,y
2643,55888501,
2644,55888502,
2645,55888503,y
2646,55888504,y
2647,55888505,y
2648,55888506,
2649,55888507,
2650,55888508,y
2651,55888509,y
2652,55888510,y
2653,55888511,
2654,55888512,
2655,55888513,
2656,55888514,
2657,55888515,
2658,55888516,
2659,55888517,
2660,55888518,y
2661,55888519,
2662,55888520,
2663,55888521,y
2664,55888522,
2665,55888523,
2666,55888524,
2667,55888525,y
2668,55888526,y
2669,55888527,
2670,55888528,y
2671,55888529,y
2672,55888530,y
2673,55888531,
2674,55888532,
2675,55888533,y
2676,55888534,
2677,55888535,y
2678,55888536,y
2679,55888537,y
2680,55888538,
2681,55888539,
2682,55888540,y
2683,55888541,y
2684,55888542,
2685,55888543,y
2686,55888544,y
2687,55888545,
2688,55888546,y
2689,55888547,y
2690,55888548,y
2691,55888549,
2692,55888550,y
2693,55888551,y
2694,55888552,
2695,55888553,y
2696,55888554,y
2697,55888555,y
2698,55888556,
2699,55888557,y
2700,55888558,y
2701,55888559,y
2702,55888560,y
2703,55888561,
2704,55888562,y
2705,55888563,y
2706,55888564,
2707,55888565,
2708,55888566,y
2709,55888567,
2710,55888568,y
2711,55888569,
2712,55888570,y
2713,55888571,
2714,55888572,
2715,55888573,
2716,55888574,y
2717,55888575,y
2718,55888576,y
2719,55888577,
2720,55888578,y
2721,55888579,y
2722,55888580,
2723,55888581,
2724,55888582,
2725,55888583,
2726,55888584,
2727,55888585,
2728,55888586,
2729,55888587,y
2730,55888588,
2731,55888589,
2732,55888590,y
2733,55888591,
2734,55888592,
2735,55888593,
2736,55888594,y
2737,55888595,
2738,55888596,y
2739,55888597,y
2740,55888598,y
2741,55888599,y
2742,55888600,
2743,55888601,
2744,55888602,
2745,55888603,
2746,55888604,
2747,55888605,y
2748,55888606,
2749,55888607,
2750,55888608,y
2751,55888609,
2752,55888610,y
2753,55888611,y
2754,55888612,y
2755,55888613,
2756,55888614,
2757,55888615,y
2758,55888616,
2759,55888617,
2760,55888618,
2761,55888619,
2762,55888620,y
2763,55888621,
2764,55888622,
2765,55888623,y
2766,55888624,y
2767,55888625,
2768,55888626,y
2769,55888627,
2770,55888628,
2771,55888629,
2772,55888630,y
2773,55888631,
2774,55888632,
2775,55888633,
2776,55888634,
2777,55888635,y
2778,55888636,y
2779,55888637,y
2780,55888638,
2781,55888639,
2782,55888640,
2783,55888641,y
2784,55888642,
2785,55888643,
2786,55888644,
2787,55888645,y
2788,55888646,y
2789,55888647,y
2790,55888648,
2791,55888649,
2792,55888650,
2793,55888651,
2794,55888652,y
2795,55888653,
2796,55888654,
2797,55888655,y
2798,55888656,
2799,55888657,y
2800,55888658,
2801,55888659,y
2802,55888660,
2803,55888661,
2804,55888662,y
2805,55888663,
2806,55888664,
2807,55888665,
2808,55888666,
2809,55888667,y
2810,55888668,y
2811,55888669,y
2812,55888670,y
2813,55888671,
2814,55888672,
2815,55888673,
2816,55888674,y
2817,55888675,y
2818,55888676,y
2819,55888677,
2820,55888678,
2821,55888679,y
2822,55888680,y
2823,55888681,y
2824,55888682,y
2825,55888683,
2826,55888684,
2827,55888685,
2828,55888686,
2829,55888687,y
2830,55888688,y
2831,55888689,
2832,55888690,y
2833,55888691,
2834,55888692,
2835,55888693,y
2836,55888694,
2837,55888695,
2838,55888696,
2839,55888697,
2840,55888698,y
2841,55888699,y
2842,55888700,
2843,55888701,
2844,55888702,
2845,55888703,
2846,55888704,
2847,55888705,
2848,55888706,y
2849,55888707,y
2850,55888708,
2851,55888709,y
2852,55888710,
2853,55888711,y
2854,55888712,
2855,55888713,
2856,55888714,y
2857,55888715,y
2858,55888716,y
2859,55888717,y
2860,55888718,y
2861,55888719,
2862,55888720,y
2863,55888721,y
2864,55888722,
2865,55888723,y
2866,55888724,
2867,55888725,
2868,55888726,
2869,55888727,y
2870,55888728,y
2871,55888729,
2872,55888730,
2873,55888731,
2874,55888732,
2875,55888733,
2876,55888734,
2877,55888735,y
2878,55888736,
2879,55888737,
2880,55888738,
2881,55888739,y
2882,55888740,
2883,55888741,
2884,55888742,y
2885,55888743,
2886,55888744,
2887,55888745,
2888,55888746,y
2889,55888747,
2890,55888748,
2891,55888749,y
2892,55888750,
2893,55888751,y
2894,55888752,y
2895,55888753,y
2896,55888754,
2897,55888755,
2898,55888756,
2899,55888757,y
2900,55888758,y
2901,55888759,
2902,55888760,
2903,55888761,
2904,55888762,y
2905,55888763,
2906,55888764,
2907,55888765,y
2908,55888766,
2909,55888767,
2910,55888768,
2911,55888769,
2912,55888770,
2913,55888771,y
2914,55888772,
2915,55888773,y
2916,55888774,y
2917,55888775,y
2918,55888776,
2919,55888777,
2920,55888778,y
2921,55888779,
2922,55888780,
2923,55888781,
2924,55888782,y
2925,55888783,y
2926,55888784,y
2927,55888785,y
2928,55888786,y
2929,55888787,y
2930,55888788,y
2931,55888789,
2932,55888790,y
2933,55888791,
2934,55888792,y
2935,55888793,y
2936,55888794,y
2937,55888795,
2938,55888796,y
2939,55888797,
2940,55888798,y
2941,55888799,y
2942,55888800,y
2943,55888801,
2944,55888802,y
2945,55888803,y
2946,55888804,y
2947,55888805,y
2948,55888806,y
2949,55888807,y
2950,55888808,
2951,55888809,
2952,55888810,
2953,55888811,y
2954,55888812,y
2955,55888813,
2956,55888814,
2957,55888815,y
2958,55888816,y
2959,55888817,y
2960,55888818,y
2961,55888819,
2962,55888820,y
2963,55888821,
2964,55888822,
2965,55888823,y
2966,55888824,y
2967,55888825,
2968,55888826,y
2969,55888827,
2970,55888828,
2971,55888829,y
2972,55888830,y
2973,55888831,
2974,55888832,y
2975,55888833,
2976,55888834,y
2977,55888835,y
2978,55888836,
2979,55888837,
2980,55888838,
2981,55888839,
2982,55888840,
2983,55888841,y
2984,55888842,y
2985,55888843,y
2986,55888844,
2987,55888845,y
2988,55888846,y
2989,55888847,y
2990,55888848,
2991,55888849,y
2992,55888850,y
2993,55888851,
2994,55888852,
2995,55888853,y
2996,55888854,y
2997,55888855,
2998,55888856,y
2999,55888857,y
3000,55888858,y
3001,55888859,
3002,55888860,
3003,55888861,y
3004,55888862,
3005,55888863,
3006,55888864,y
3007,55888865,
3008,55888866,y
3009,55888867,
3010,55888868,y
3011,55888869,y
3012,55888870,
3013,55888871,
3014,55888872,
3015,55888873,
3016,55888874,y
3017,55888875,
3018,55888876,y
3019,55888877,
3020,55888878,
3021,55888879,y
3022,55888880,y
3023,55888881,
3024,55888882,
3025,55888883,y
3026,55888884,
3027,55888885,y
3028,55888886,
3029,55888887,y
3030,55888888,
3031,55888889,
3032,55888890,
3033,55888891,y
3034,55888892,y
3035,55888893,
3036,55888894,y
3037,55888895,y
3038,55888896,
3039,55888897,y
3040,55888898,y
3041,55888899,
3042,55888900,
3043,55888901,
3044,55888902,
3045,55888903,y
3046,55888904,y
3047,55888905,y
3048,55888906,y
3049,55888907,
3050,55888908,
3051,55888909,y
3052,55888910,y
3053,55888911,
3054,55888912,y
3055,55888913,y
3056,55888914,
3057,55888915,y
3058,55888916,y
3059,55888917,
3060,55888918,y
3061,55888919,y
3062,55888920,y
3063,55888921,y
3064,55888922,
3065,55888923,y
3066,55888924,y
3067,55888925,
3068,55888926,y
3069,55888927,
3070,55888928,
3071,55888929,
3072,55888930,
3073,55888931,y
3074,55888932,
3075,55888933,
3076,55888934,
3077,55888935,y
3078,55888936,y
3079,55888937,y
3080,55888938,y
3081,55888939,y
3082,55888940,
3083,55888941,y
3084,55888942,y
3085,55888943,y
3086,55888944,y
3087,55888945,y
3088,55888946,y
3089,55888947,
3090,55888948,y
3091,55888949,
3092,55888950,
3093,55888951,
3094,55888952,
3095,55888953,y
3096,55888954,y
3097,55888955,
3098,55888956,y
3099,55888957,
3100,55888958,
3101,55888959,y
3102,55888960,
3103,55888961,
3104,55888962,y
3105,55888963,y
3106,55888964,y
3107,55888965,y
3108,55888966,
3109,55888967,y
3110,55888968,y
3111,55888969,y
3112,55888970,y
3113,55888971,y
3114,55888972,
3115,55888973,
3116,55888974,
3117,55888975,
3118,55888976,y
3119,55888977,y
3120,55888978,
3121,55888979,
3122,55888980,y
3123,55888981,
3124,55888982,
3125,55888983,
3126,55888984,y
3127,55888985,
3128,55888986,
3129,55888987,
3130,55888988,y
3131,55888989,
3132,55888990,y
3133,55888991,
3134,55888992,y
3135,55888993,
3136,55888994,y
3137,55888995,y
3138,55888996,y
3139,55888997,y
3140,55888998,
3141,55888999,y
3142,55889000,y
3143,55889001,y
3144,55889002,
3145,55889003,y
3146,55889004,
3147,55889005,
3148,55889006,
3149,55889007,
3150,55889008,y
3151,55889009,y
3152,55889010,
3153,55889011,y
3154,55889012,
3155,55889013,y
3156,55889014,y
3157,55889015,y
3158,55889016,y
3159,55889017,y
3160,55889018,
3161,55889019,
3162,55889020,y
3163,55889021,
3164,55889022,y
3165,55889023,
3166,55889024,
3167,55889025,y
3168,55889026,y
3169,55889027,
3170,55889028,
3171,55889029,y
3172,55889030,
3173,55889031,y
3174,55889032,y
3175,55889033,
3176,55889034,y
3177,55889035,y
3178,55889036,y
3179,55889037,y
3180,55889038,
3181,55889039,
3182,55889040,y
3183,55889041,y
3184,55889042,
3185,55889043,y
3186,55889044,y
3187,55889045,y
3188,55889046,y
3189,55889047,y
3190,55889048,
3191,55889049,
3192,55889050,
3193,55889051,
3194,55889052,y
3195,55889053,y
3196,55889054,
3197,55889055,
3198,55889056,
3199,55889057,y
3200,55889058,y
3201,55889059,y
3202,55889060,
3203,55889061,
3204,55889062,y
3205,55889063,
3206,55889064,y
3207,55889065,
3208,55889066,
3209,55889067,
3210,55889068,y
3211,55889069,y
3212,55889070,
3213,55889071,y
3214,55889072,y
3215,55889073,
3216,55889074,y
3217,55889075,
3218,55889076,y
3219,55889077,y
3220,55889078,y
3221,55889079,y
3222,55889080,
3223,55889081,y
3224,55889082,y
3225,55889083,y
3226,55889084,y
3227,55889085,
3228,55889086,y
3229,55889087,
3230,55889088,
3231,55889089,y
3232,55889090,
3233,55889091,
3234,55889092,y
3235,55889093,
3236,55889094,
3237,55889095,y
3238,55889096,y
3239,55889097,
3240,55889098,
3241,55889099,
3242,55889100,y
3243,55889101,
3244,55889102,y
3245,55889103,
3246,55889104,y
3247,55889105,
3248,55889106,y
3249,55889107,
3250,55889108,y
3251,55889109,y
3252,55889110,y
3253,55889111,
3254,55889112,
3255,55889113,
3256,55889114,y
3257,55889115,
3258,55889116,
3259,55889117,
3260,55889118,
3261,55889119,
3262,55889120,
3263,55889121,y
3264,55889122,
3265,55889123,
3266,55889124,
3267,55889125,
3268,55889126,y
3269,55889127,
3270,55889128,y
3271,55889129,
3272,55889130,y
3273,55889131,
3274,55889132,y
3275,55889133,
3276,55889134,
3277,55889135,
3278,55889136,
3279,55889137,y
3280,55889138,y
3281,55889139,y
3282,55889140,
3283,55889141,
3284,55889142,
3285,55889143,
3286,55889144,
3287,55889145,
3288,55889146,
3289,55889147,
3290,55889148,y
3291,55889149,y
3292,55889150,y
3293,55889151,y
3294,55889152,y
3295,55889153,
3296,55889154,y
3297,55889155,
3298,55889156,
3299,55889157,
3300,55889158,y
3301,55889159,
3302,55889160,
3303,55889161,
3304,55889162,y
3305,55889163,y
3306,55889164,
3307,55889165,y
3308,55889166,y
3309,55889167,
3310,55889168,
3311,55889169,
3312,55889170,
3313,55889171,y
3314,55889172,
3315,55889173,
3316,55889174,y
3317,55889175,y
3318,55889176,
3319,55889177,y
3320,55889178,
3321,55889179,y
3322,55889180,y
3323,55889181,
3324,55889182,
3325,55889183,
3326,55889184,y
3327,55889185,
3328,55889186,y
3329,55889187,
3330,55889188,y
3331,55889189,y
3332,55889190,y
3333,55889191,
3334,55889192,
3335,55889193,
3336,55889194,y
3337,55889195,
3338,55889196,
3339,55889197,y
3340,55889198,y
3341,55889199,
3342,55889200,y
3343,55889201,y
3344,55889202,y
3345,55889203,y
3346,55889204,
3347,55889205,y
3348,55889206,
3349,55889207,y
3350,55889208,
3351,55889209,
3352,55889210,
3353,55889211,
3354,55889212,
3355,55889213,y
3356,55889214,y
3357,55889215,y
3358,55889216,
3359,55889217,
3360,55889218,y
3361,55889219,y
3362,55889220,
3363,55889221,y
3364,55889222,
3365,55889223,y
3366,55889224,y
3367,55889225,
3368,55889226,y
3369,55889227,y
3370,55889228,
3371,55889229,y
3372,55889230,
3373,55889231,y
3374,55889232,y
3375,55889233,y
3376,55889234,y
3377,55889235,y
3378,55889236,
3379,55889237,y
3380,55889238,y
3381,55889239,
3382,55889240,y
3383,55889241,
3384,55889242,
3385,55889243,y
3386,55889244,y
3387,55889245,
3388,55889246,
3389,55889247,y
3390,55889248,
3391,55889249,y
3392,55889250,y
3393,55889251,y
3394,55889252,
3395,55889253,y
3396,55889254,y
3397,55889255,y
3398,55889256,y
3399,55889257,
3400,55889258,y
3401,55889259,
3402,55889260,y
3403,55889261,y
3404,55889262,y
3405,55889263,
3406,55889264,y
3407,55889265,
3408,55889266,y
3409,55889267,y
3410,55889268,y
3411,55889269,y
3412,55889270,y
3413,55889271,
3414,55889272,y
3415,55889273,
3416,55889274,
3417,55889275,
3418,55889276,
3419,55889277,
3420,55889278,y
3421,55889279,y
3422,55889280,y
3423,55889281,
3424,55889282,y
3425,55889283,
3426,55889284,
3427,55889285,
3428,55889286,
3429,55889287,
3430,55889288,y
3431,55889289,
3432,55889290,y
3433,55889291,y
3434,55889292,y
3435,55889293,
3436,55889294,
3437,55889295,y
3438,55889296,y
3439,55889297,
3440,55889298,
3441,55889299,
3442,55889300,y
3443,55889301,y
3444,55889302,y
3445,55889303,
3446,55889304,
3447,55889305,
3448,55889306,
3449,55889307,
3450,55889308,y
3451,55889309,y
3452,55889310,y
3453,55889311,y
3454,55889312,y
3455,55889313,y
3456,55889314,
3457,55889315,y
3458,55889316,y
3459,55889317,y
3460,55889318,
3461,55889319,
3462,55889320,
3463,55889321,y
3464,55889322,
3465,55889323,
3466,55889324,
3467,55889325,
3468,55889326,y
3469,55889327,
3470,55889328,y
3471,55889329,y
3472,55889330,
3473,55889331,
3474,55889332,
3475,55889333,y
3476,55889334,y
3477,55889335,
3478,55889336,
3479,55889337,
3480,55889338,y
3481,55889339,y
3482,55889340,y
3483,55889341,
3484,55889342,
3485,55889343,y
3486,55889344,y
3487,55889345,y
3488,55889346,y
3489,55889347,
3490,55889348,y
3491,55889349,y
3492,55889350,y
3493,55889351,y
3494,55889352,y
3495,55889353,
3496,55889354,
3497,55889355,
3498,55889356,y
3499,55889357,y
3500,55889358,
3501,55889359,y
3502,55889360,y
3503,55889361,
3504,55889362,y
3505,55889363,
3506,55889364,y
3507,55889365,
3508,55889366,y
3509,55889367,y
3510,55889368,
3511,55889369,y
3512,55889370,
3513,55889371,
3514,55889372,
3515,55889373,
3516,55889374,
3517,55889375,
3518,55889376,
3519,55889377,y
3520,55889378,y
3521,55889379,y
3522,55889380,
3523,55889381,y
3524,55889382,
3525,55889383,
3526,55889384,
3527,55889385,y
3528,55889386,
3529,55889387,
3530,55889388,y
3531,55889389,y
3532,55889390,
3533,55889391,y
3534,55889392,y
3535,55889393,
3536,55889394,y
3537,55889395,
3538,55889396,y
3539,55889397,y
3540,55889398,y
3541,55889399,y
3542,55889400,y
3543,55889401,
3544,55889402,
3545,55889403,y
3546,55889404,
3547,55889405,y
3548,55889406,
3549,55889407,y
3550,55889408,y
3551,55889409,
3552,55889410,
3553,55889411,
3554,55889412,
3555,55889413,
3556,55889414,y
3557,55889415,
3558,55889416,y
3559,55889417,y
3560,55889418,y
3561,55889419,
3562,55889420,y
3563,55889421,y
3564,55889422,
3565,55889423,y
3566,55889424,
3567,55889425,
3568,55889426,
3569,55889427,y
3570,55889428,y
3571,55889429,
3572,55889430,
3573,55889431,
3574,55889432,
3575,55889433,
3576,55889434,y
3577,55889435,
3578,55889436,y
3579,55889437,y
3580,55889438,
3581,55889439,y
3582,55889440,
3583,55889441,
3584,55889442,
3585,55889443,
3586,55889444,y
3587,55889445,
3588,55889446,
3589,55889447,y
3590,55889448,
3591,55889449,
3592,55889450,y
3593,55889451,
3594,55889452,y
3595,55889453,
3596,55889454,
3597,55889455,y
3598,55889456,
3599,55889457,y
3600,55889458,
3601,55889459,
3602,55889460,
3603,55889461,
3604,55889462,
3605,55889463,y
3606,55889464,
3607,55889465,
3608,55889466,y
3609,55889467,
3610,55889468,
3611,55889469,
3612,55889470,y
3613,55889471,
3614,55889472,
3615,55889473,
3616,55889474,
3617,55889475,y
3618,55889476,
3619,55889477,
3620,55889478,y
3621,55889479,y
3622,55889480,
3623,55889481,
3624,55889482,y
3625,55889483,y
3626,55889484,
3627,55889485,y
3628,55889486,y
3629,55889487,
3630,55889488,y
3631,55889489,y
3632,55889490,
3633,55889491,
3634,55889492,
3635,55889493,
3636,55889494,y
3637,55889495,
3638,55889496,y
3639,55889497,y
3640,55889498,y
3641,55889499,
3642,55889500,
3643,55889501,y
3644,55889502,
3645,55889503,y
3646,55889504,
3647,55889505,
3648,55889506,
3649,55889507,y
3650,55889508,
3651,55889509,
3652,55889510,y
3653,55889511,
3654,55889512,y
3655,55889513,y
3656,55889514,y
3657,55889515,
3658,55889516,y
3659,55889517,y
3660,55889518,y
3661,55889519,y
3662,55889520,
3663,55889521,
3664,55889522,y
3665,55889523,y
3666,55889524,y
3667,55889525,y
3668,55889526,y
3669,55889527,y
3670,55889528,
3671,55889529,y
3672,55889530,y
3673,55889531,y
3674,55889532,
3675,55889533,y
3676,55889534,
3677,55889535,y
3678,55889536,
3679,55889537,y
3680,55889538,y
3681,55889539,y
3682,55889540,y
3683,55889541,y
3684,55889542,y
3685,55889543,y
3686,55889544,y
3687,55889545,y
3688,55889546,y
3689,55889547,y
3690,55889548,y
3691,55889549,y
3692,55889550,y
3693,55889551,y
3694,55889552,y
3695,55889553,
3696,55889554,
3697,55889555,
3698,55889556,y
3699,55889557,
3700,55889558,y
3701,55889559,y
3702,55889560,
3703,55889561,
3704,55889562,
3705,55889563,y
3706,55889564,y
3707,55889565,
3708,55889566,y
3709,55889567,y
3710,55889568,y
3711,55889569,
3712,55889570,
3713,55889571,
3714,55889572,
3715,55889573,
3716,55889574,y
3717,55889575,y
3718,55889576,
3719,55889577,y
3720,55889578,y
3721,55889579,y
3722,55889580,y
3723,55889581,
3724,55889582,
3725,55889583,y
3726,55889584,
3727,55889585,y
3728,55889586,y
3729,55889587,y
3730,55889588,y
3731,55889589,y
3732,55889590,
3733,55889591,y
3734,55889592,y
3735,55889593,y
3736,55889594,y
3737,55889595,
3738,55889596,
3739,55889597,y
3740,55889598,
3741,55889599,y
3742,55889600,y
3743,55889601,
3744,55889602,y
3745,55889603,
3746,55889604,y
3747,55889605,y
3748,55889606,
3749,55889607,
3750,55889608,y
3751,55889609,y
3752,55889610,
3753,55889611,
3754,55889612,
3755,55889613,
3756,55889614,
3757,55889615,
3758,55889616,y
3759,55889617,
3760,55889618,y
3761,55889619,
3762,55889620,y
3763,55889621,y
3764,55889622,y
3765,55889623,y
3766,55889624,
3767,55889625,y
3768,55889626,y
3769,55889627,
3770,55889628,
3771,55889629,y
3772,55889630,y
3773,55889631,y
3774,55889632,y
3775,55889633,
3776,55889634,y
3777,55889635,y
3778,55889636,y
3779,55889637,
3780,55889638,
3781,55889639,y
3782,55889640,
3783,55889641,
3784,55889642,y
3785,55889643,y
3786,55889644,
3787,55889645,
3788,55889646,y
3789,55889647,y
3790,55889648,
3791,55889649,
3792,55889650,y
3793,55889651,y
3794,55889652,
3795,55889653,
3796,55889654,y
3797,55889655,y
3798,55889656,
3799,55889657,y
3800,55889658,
3801,55889659,y
3802,55889660,y
3803,55889661,y
3804,55889662,
3805,55889663,
3806,55889664,y
3807,55889665,
3808,55889666,
3809,55889667,
3810,55889668,
3811,55889669,y
3812,55889670,
3813,55889671,y
3814,55889672,
3815,55889673,
3816,55889674,y
3817,55889675,
3818,55889676,y
3819,55889677,
3820,55889678,
3821,55889679,
3822,55889680,
3823,55889681,
3824,55889682,
3825,55889683,y
3826,55889684,
3827,55889685,y
3828,55889686,
3829,55889687,
3830,55889688,y
3831,55889689,
3832,55889690,
3833,55889691,
3834,55889692,y
3835,55889693,
3836,55889694,
3837,55889695,y
3838,55889696,
3839,55889697,
3840,55889698,
3841,55889699,y
3842,55889700,
3843,55889701,
3844,55889702,y
3845,55889703,
3846,55889704,
3847,55889705,
3848,55889706,
3849,55889707,
3850,55889708,y
3851,55889709,
3852,55889710,
3853,55889711,
3854,55889712,
3855,55889713,y
3856,55889714,
3857,55889715,y
3858,55889716,y
3859,55889717,y
3860,55889718,y
3861,55889719,y
3862,55889720,
3863,55889721,
3864,55889722,y
3865,55889723,
3866,55889724,y
3867,55889725,y
3868,55889726,
3869,55889727,
3870,55889728,
3871,55889729,
3872,55889730,y
3873,55889731,
3874,55889732,y
3875,55889733,y
3876,55889734,y
3877,55889735,y
3878,55889736,
3879,55889737,
3880,55889738,y
3881,55889739,y
3882,55889740,
3883,55889741,y
3884,55889742,
3885,55889743,y
3886,55889744,y
3887,55889745,
3888,55889746,
3889,55889747,
3890,55889748,
3891,55889749,y
3892,55889750,y
3893,55889751,
3894,55889752,
3895,55889753,
3896,55889754,
3897,55889755,
3898,55889756,
3899,55889757,y
3900,55889758,y
3901,55889759,
3902,55889760,y
3903,55889761,y
3904,55889762,y
3905,55889763,y
3906,55889764,
3907,55889765,y
3908,55889766,y
3909,55889767,y
3910,55889768,y
3911,55889769,
3912,55889770,
3913,55889771,
3914,55889772,
3915,55889773,y
3916,55889774,
3917,55889775,y
3918,55889776,y
3919,55889777,y
3920,55889778,
3921,55889779,y
3922,55889780,
3923,55889781,
3924,55889782,y
3925,55889783,y
3926,55889784,y
3927,55889785,
3928,55889786,
3929,55889787,y
3930,55889788,y
3931,55889789,
3932,55889790,y
3933,55889791,
3934,55889792,y
3935,55889793,y
3936,55889794,
3937,55889795,y
3938,55889796,y
3939,55889797,y
3940,55889798,y
3941,55889799,y
3942,55889800,
3943,55889801,
3944,55889802,y
3945,55889803,
3946,55889804,
3947,55889805,y
3948,55889806,
3949,55889807,
3950,55889808,
3951,55889809,
3952,55889810,y
3953,55889811,y
3954,55889812,y
3955,55889813,y
3956,55889814,y
3957,55889815,y
3958,55889816,y
3959,55889817,
3960,55889818,y
3961,55889819,y
3962,55889820,y
3963,55889821,
3964,55889822,y
3965,55889823,y
3966,55889824,
3967,55889825,y
3968,55889826,y
3969,55889827,y
3970,55889828,
3971,55889829,
3972,55889830,
3973,55889831,
3974,55889832,y
3975,55889833,
3976,55889834,
3977,55889835,y
3978,55889836,
3979,55889837,y
3980,55889838,
3981,55889839,
3982,55889840,
3983,55889841,y
3984,55889842,y
3985,55889843,
3986,55889844,y
3987,55889845,y
3988,55889846,
3989,55889847,y
3990,55889848,
3991,55889849,y
3992,55889850,
3993,55889851,y
3994,55889852,
3995,55889853,y
3996,55889854,y
3997,55889855,y
3998,55889856,
3999,55889857,
4000,55889858,y
4001,55889859,y
4002,55889860,
4003,55889861,
4004,55889862,y
4005,55889863,
4006,55889864,
4007,55889865,
4008,55889866,
4009,55889867,
4010,55889868,
4011,55889869,y
4012,55889870,
4013,55889871,y
4014,55889872,y
4015,55889873,y
4016,55889874,
4017,55889875,
4018,55889876,y
4019,55889877,y
4020,55889878,
4021,55889879,y
4022,55889880,y
4023,55889881,
4024,55889882,
4025,55889883,y
4026,55889884,y
4027,55889885,
4028,55889886,y
4029,55889887,
4030,55889888,y
4031,55889889,y
4032,55889890,
4033,55889891,y
4034,55889892,y
4035,55889893,y
4036,55889894,
4037,55889895,y
4038,55889896,y
4039,55889897,y
4040,55889898,
4041,55889899,
4042,55889900,y
4043,55889901,
4044,55889902,
4045,55889903,
4046,55889904,
4047,55889905,y
4048,55889906,
4049,55889907,
4050,55889908,y
4051,55889909,y
4052,55889910,y
4053,55889911,
4054,55889912,y
4055,55889913,y
4056,55889914,y
4057,55889915,
4058,55889916,y
4059,55889917,
4060,55889918,
4061,55889919,y
4062,55889920,
4063,55889921,
4064,55889922,
4065,55889923,y
4066,55889924,
4067,55889925,y
4068,55889926,
4069,55889927,
4070,55889928,
4071,55889929,y
4072,55889930,y
4073,55889931,
4074,55889932,
4075,55889933,y
4076,55889934,y
4077,55889935,y
4078,55889936,y
4079,55889937,y
4080,55889938,y
4081,55889939,
4082,55889940,
4083,55889941,
4084,55889942,
4085,55889943,
4086,55889944,
4087,55889945,
4088,55889946,y
4089,55889947,
4090,55889948,y
4091,55889949,y
4092,55889950,y
4093,55889951,y
4094,55889952,
4095,55889953,
4096,55889954,y
4097,55889955,
4098,55889956,y
4099,55889957,y
4100,55889958,
4101,55889959,
4102,55889960,y
4103,55889961,
4104,55889962,y
4105,55889963,y
4106,55889964,
4107,55889965,
4108,55889966,
4109,55889967,
4110,55889968,y
4111,55889969,y
4112,55889970,
4113,55889971,
4114,55889972,
4115,55889973,
4116,55889974,y
4117,55889975,y
4118,55889976,y
4119,55889977,y
4120,55889978,y
4121,55889979,y
4122,55889980,
4123,55889981,y
4124,55889982,
4125,55889983,y
4126,55889984,
4127,55889985,y
4128,55889986,y
4129,55889987,y
4130,55889988,y
4131,55889989,
4132,55889990,
4133,55889991,y
4134,55889992,
4135,55889993,
4136,55889994,y
4137,55889995,
4138,55889996,
4139,55889997,y
4140,55889998,
4141,55889999,
4142,55890000,
4143,55890001,y
4144,55890002,y
4145,55890003,
4146,55890004,
4147,55890005,y
4148,55890006,y
4149,55890007,y
4150,55890008,y
4151,55890009,
4152,55890010,
4153,55890011,
4154,55890012,
4155,55890013,
4156,55890014,
4157,55890015,y
4158,55890016,y
4159,55890017,y
4160,55890018,y
4161,55890019,y
4162,55890020,y
4163,55890021,y
4164,55890022,
4165,55890023,
4166,55890024,
4167,55890025,
4168,55890026,
4169,55890027,y
4170,55890028,
4171,55890029,y
4172,55890030,
4173,55890031,y
4174,55890032,
4175,55890033,y
4176,55890034,y
4177,55890035,y
4178,55890036,y
4179,55890037,y
4180,55890038,y
4181,55890039,y
4182,55890040,
4183,55890041,
4184,55890042,y
4185,55890043,
4186,55890044,y
4187,55890045,
4188,55890046,
4189,55890047,y
4190,55890048,
4191,55890049,
4192,55890050,
4193,55890051,
4194,55890052,
4195,55890053,
4196,55890054,y
4197,55890055,y
4198,55890056,
4199,55890057,y
4200,55890058,y
4201,55890059,
4202,55890060,y
4203,55890061,
4204,55890062,y
4205,55890063,y
4206,55890064,
4207,55890065,
4208,55890066,
4209,55890067,y
4210,55890068,
4211,55890069,y
4212,55890070,y
4213,55890071,
4214,55890072,y
4215,55890073,y
4216,55890074,
4217,55890075,
4218,55890076,
4219,55890077,y
4220,55890078,
4221,55890079,
4222,55890080,
4223,55890081,y
4224,55890082,
4225,55890083,y
4226,55890084,
4227,55890085,
4228,55890086,y
4229,55890087,y
4230,55890088,y
4231,55890089,y
4232,55890090,y
4233,55890091,y
4234,55890092,y
4235,55890093,
4236,55890094,y
4237,55890095,y
4238,55890096,y
4239,55890097,
4240,55890098,
4241,55890099,y
4242,55890100,y
4243,55890101,
4244,55890102,
4245,55890103,
4246,55890104,y
4247,55890105,
4248,55890106,
4249,55890107,y
4250,55890108,y
4251,55890109,
4252,55890110,
4253,55890111,y
4254,55890112,
4255,55890113,
4256,55890114,y
4257,55890115,y
4258,55890116,y
4259,55890117,y
4260,55890118,y
4261,55890119,
4262,55890120,y
4263,55890121,
4264,55890122,y
4265,55890123,y
4266,55890124,
4267,55890125,y
4268,55890126,
4269,55890127,y
4270,55890128,y
4271,55890129,y
4272,55890130,y
4273,55890131,
4274,55890132,
4275,55890133,y
4276,55890134,
4277,55890135,y
4278,55890136,
4279,55890137,y
4280,55890138,y
4281,55890139,
4282,55890140,y
4283,55890141,y
4284,55890142,y
4285,55890143,y
4286,55890144,y
4287,55890145,
4288,55890146,
4289,55890147,y
4290,55890148,y
4291,55890149,
4292,55890150,
4293,55890151,y
4294,55890152,y
4295,55890153,y
4296,55890154,
4297,55890155,y
4298,55890156,y
4299,55890157,y
4300,55890158,
4301,55890159,y
4302,55890160,y
4303,55890161,y
4304,55890162,
4305,55890163,
4306,55890164,
4307,55890165,
4308,55890166,y
4309,55890167,y
4310,55890168,
4311,55890169,
4312,55890170,y
4313,55890171,
4314,55890172,
4315,55890173,
4316,55890174,y
4317,55890175,y
4318,55890176,
4319,55890177,y
4320,55890178,y
4321,55890179,
4322,55890180,y
4323,55890181,y
4324,55890182,y
4325,55890183,
4326,55890184,y
4327,55890185,
4328,55890186,
4329,55890187,
4330,55890188,
4331,55890189,
4332,55890190,y
4333,55890191,
4334,55890192,y
4335,55890193,y
4336,55890194,y
4337,55890195,
4338,55890196,
4339,55890197,
4340,55890198,
4341,55890199,y
4342,55890200,y
4343,55890201,y
4344,55890202,y
4345,55890203,y
4346,55890204,
4347,55890205,
4348,55890206,
4349,55890207,y
4350,55890208,y
4351,55890209,y
4352,55890210,
4353,55890211,
4354,55890212,
4355,55890213,y
4356,55890214,y
4357,55890215,y
4358,55890216,
4359,55890217,y
4360,55890218,y
4361,55890219,
4362,55890220,
4363,55890221,y
4364,55890222,
4365,55890223,y
4366,55890224,y
4367,55890225,y
4368,55890226,y
4369,55890227,
4370,55890228,y
4371,55890229,y
4372,55890230,
4373,55890231,y
4374,55890232,
4375,55890233,
4376,55890234,y
4377,55890235,
4378,55890236,
4379,55890237,
4380,55890238,y
4381,55890239,
4382,55890240,y
4383,55890241,y
4384,55890242,
4385,55890243,
4386,55890244,y
4387,55890245,y
4388,55890246,y
4389,55890247,
4390,55890248,
4391,55890249,
4392,55890250,
4393,55890251,
4394,55890252,
4395,55890253,y
4396,55890254,
4397,55890255,y
4398,55890256,y
4399,55890257,
4400,55890258,
4401,55890259,y
4402,55890260,y
4403,55890261,
4404,55890262,y
4405,55890263,y
4406,55890264,
4407,55890265,y
4408,55890266,y
4409,55890267,
4410,55890268,y
4411,55890269,
4412,55890270,y
4413,55890271,y
4414,55890272,
4415,55890273,
4416,55890274,y
4417,55890275,y
4418,55890276,y
4419,55890277,y
4420,55890278,y
4421,55890279,
4422,55890280,y
4423,55890281,
4424,55890282,y
4425,55890283,y
4426,55890284,
4427,55890285,
4428,55890286,
4429,55890287,
4430,55890288,y
4431,55890289,
4432,55890290,
4433,55890291,
4434,55890292,y
4435,55890293,y
4436,55890294,
4437,55890295,
4438,55890296,
4439,55890297,y
4440,55890298,y
4441,55890299,y
4442,55890300,
4443,55890301,
4444,55890302,y
4445,55890303,
4446,55890304,
4447,55890305,
4448,55890306,
4449,55890307,y
4450,55890308,y
4451,55890309,
4452,55890310,
4453,55890311,
4454,55890312,y
4455,55890313,y
4456,55890314,y
4457,55890315,
4458,55890316,y
4459,55890317,y
4460,55890318,
4461,55890319,y
4462,55890320,y
4463,55890321,
4464,55890322,
4465,55890323,y
4466,55890324,
4467,55890325,y
4468,55890326,
4469,55890327,
4470,55890328,
4471,55890329,
4472,55890330,
4473,55890331,y
4474,55890332,y
4475,55890333,y
4476,55890334,y
4477,55890335,
4478,55890336,
4479,55890337,
4480,55890338,y
4481,55890339,y
4482,55890340,
4483,55890341,y
4484,55890342,y
4485,55890343,
4486,55890344,y
4487,55890345,
4488,55890346,
4489,55890347,
4490,55890348,y
4491,55890349,y
4492,55890350,
4493,55890351,y
4494,55890352,y
4495,55890353,
4496,55890354,
4497,55890355,y
4498,55890356,y
4499,55890357,
4500,55890358,y
4501,55890359,y
4502,55890360,y
4503,55890361,
4504,55890362,
4505,55890363,y
4506,55890364,y
4507,55890365,y
4508,55890366,y
4509,55890367,y
4510,55890368,y
4511,55890369,y
4512,55890370,
4513,55890371,y
4514,55890372,y
4515,55890373,y
4516,55890374,
4517,55890375,y
4518,55890376,
4519,55890377,
4520,55890378,y
4521,55890379,y
4522,55890380,y
4523,55890381,y
4524,55890382,
4525,55890383,
4526,55890384,
4527,55890385,
4528,55890386,
4529,55890387,
4530,55890388,y
4531,55890389,
4532,55890390,y
4533,55890391,
4534,55890392,
4535,55890393,
4536,55890394,
4537,55890395,
4538,55890396,
4539,55890397,
4540,55890398,y
4541,55890399,
4542,55890400,
4543,55890401,y
4544,55890402,y
4545,55890403,
4546,55890404,
4547,55890405,y
4548,55890406,y
4549,55890407,
4550,55890408,y
4551,55890409,y
4552,55890410,y
4553,55890411,y
4554,55890412,y
4555,55890413,y
4556,55890414,
4557,55890415,y
4558,55890416,
4559,55890417,y
4560,55890418,y
4561,55890419,
4562,55890420,
4563,55890421,
4564,55890422,y
4565,55890423,
4566,55890424,y
4567,55890425,y
4568,55890426,y
4569,55890427,
4570,55890428,
4571,55890429,y
4572,55890430,y
4573,55890431,
4574,55890432,
4575,55890433,
4576,55890434,
4577,55890435,
4578,55890436,
4579,55890437,y
4580,55890438,y
4581,55890439,y
4582,55890440,y
4583,55890441,
4584,55890442,y
4585,55890443,y
4586,55890444,y
4587,55890445,y
4588,55890446,y
4589,55890447,
4590,55890448,y
4591,55890449,
4592,55890450,y
4593,55890451,y
4594,55890452,y
4595,55890453,
4596,55890454,
4597,55890455,y
4598,55890456,
4599,55890457,y
4600,55890458,
4601,55890459,y
4602,55890460,y
4603,55890461,y
4604,55890462,
4605,55890463,y
4606,55890464,
4607,55890465,y
4608,55890466,y
4609,55890467,y
4610,55890468,
4611,55890469,y
4612,55890470,y
4613,55890471,y
4614,55890472,y
4615,55890473,
4616,55890474,
4617,55890475,
4618,55890476,
4619,55890477,
4620,55890478,
4621,55890479,y
4622,55890480,
4623,55890481,y
4624,55890482,
4625,55890483,y
4626,55890484,y
4627,55890485,y
4628,55890486,
4629,55890487,y
4630,55890488,y
4631,55890489,
4632,55890490,y
4633,55890491,
4634,55890492,y
4635,55890493,y
4636,55890494,
4637,55890495,
4638,55890496,y
4639,55890497,
4640,55890498,
4641,55890499,y
4642,55890500,y
4643,55890501,
4644,55890502,
4645,55890503,
4646,55890504,
4647,55890505,y
4648,55890506,
4649,55890507,
4650,55890508,
4651,55890509,y
4652,55890510,y
4653,55890511,y
4654,55890512,y
4655,55890513,
4656,55890514,
4657,55890515,
4658,55890516,
4659,55890517,
4660,55890518,y
4661,55890519,y
4662,55890520,y
4663,55890521,y
4664,55890522,
4665,55890523,y
4666,55890524,
4667,55890525,y
4668,55890526,
4669,55890527,y
4670,55890528,y
4671,55890529,
4672,55890530,
4673,55890531,y
4674,55890532,
4675,55890533,
4676,55890534,y
4677,55890535,
4678,55890536,
4679,55890537,y
4680,55890538,y
4681,55890539,y
4682,55890540,y
4683,55890541,
4684,55890542,y
4685,55890543,
4686,55890544,y
4687,55890545,y
4688,55890546,
4689,55890547,
4690,55890548,y
4691,55890549,y
4692,55890550,
4693,55890551,
4694,55890552,
4695,55890553,
4696,55890554,
4697,55890555,
4698,55890556,
4699,55890557,y
4700,55890558,
4701,55890559,
4702,55890560,y
4703,55890561,y
4704,55890562,y
4705,55890563,
4706,55890564,y
4707,55890565,
4708,55890566,
4709,55890567,y
4710,55890568,y
4711,55890569,
4712,55890570,
4713,55890571,y
4714,55890572,y
4715,55890573,y
4716,55890574,y
4717,55890575,
4718,55890576,y
4719,55890577,y
4720,55890578,y
4721,55890579,
4722,55890580,
4723,55890581,
4724,55890582,
4725,55890583,
4726,55890584,y
4727,55890585,y
4728,55890586,
4729,55890587,
4730,55890588,y
4731,55890589,
4732,55890590,
4733,55890591,y
4734,55890592,
4735,55890593,
4736,55890594,y
4737,55890595,
4738,55890596,
4739,55890597,y
4740,55890598,y
4741,55890599,
4742,55890600,y
4743,55890601,
4744,55890602,y
4745,55890603,
4746,55890604,
4747,55890605,y
4748,55890606,y
4749,55890607,y
4750,55890608,y
4751,55890609,
4752,55890610,
4753,55890611,y
4754,55890612,
4755,55890613,y
4756,55890614,
4757,55890615,
4758,55890616,
4759,55890617,
4760,55890618,y
4761,55890619,y
4762,55890620,y
4763,55890621,
4764,55890622,y
4765,55890623,y
4766,55890624,
4767,55890625,
4768,55890626,
4769,55890627,y
4770,55890628,
4771,55890629,y
4772,55890630,y
4773,55890631,y
4774,55890632,
4775,55890633,
4776,55890634,
4777,55890635,
4778,55890636,
4779,55890637,y
4780,55890638,y
4781,55890639,
4782,55890640,
4783,55890641,
4784,55890642,
4785,55890643,
4786,55890644,y
4787,55890645,
4788,55890646,
4789,55890647,y
4790,55890648,y
4791,55890649,
4792,55890650,y
4793,55890651,
4794,55890652,
4795,55890653,
4796,55890654,
4797,55890655,y
4798,55890656,
4799,55890657,
4800,55890658,
4801,55890659,
4802,55890660,y
4803,55890661,
4804,55890662,y
4805,55890663,
4806,55890664,y
4807,55890665,
4808,55890666,y
4809,55890667,
4810,55890668,y
4811,55890669,y
4812,55890670,
4813,55890671,
4814,55890672,
4815,55890673,
4816,55890674,y
4817,55890675,
4818,55890676,
4819,55890677,y
4820,55890678,
4821,55890679,y
4822,55890680,y
4823,55890681,
4824,55890682,y
4825,55890683,y
4826,55890684,y
4827,55890685,
4828,55890686,
4829,55890687,y
4830,55890688,
4831,55890689,y
4832,55890690,
4833,55890691,y
4834,55890692,y
4835,55890693,
4836,55890694,
4837,55890695,y
4838,55890696,y
4839,55890697,y
4840,55890698,
4841,55890699,
4842,55890700,
4843,55890701,
4844,55890702,
4845,55890703,
4846,55890704,
4847,55890705,y
4848,55890706,y
4849,55890707,y
4850,55890708,y
4851,55890709,y
4852,55890710,y
4853,55890711,
4854,55890712,y
4855,55890713,
4856,55890714,
4857,55890715,
4858,55890716,y
4859,55890717,y
4860,55890718,y
4861,55890719,y
4862,55890720,
4863,55890721,
4864,55890722,
4865,55890723,y
4866,55890724,y
4867,55890725,
4868,55890726,
4869,55890727,
4870,55890728,
4871,55890729,
4872,55890730,y
4873,55890731,
4874,55890732,
4875,55890733,
4876,55890734,y
4877,55890735,y
4878,55890736,
4879,55890737,
4880,55890738,y
4881,55890739,
4882,55890740,y
4883,55890741,
4884,55890742,
4885,55890743,
4886,55890744,
4887,55890745,y
4888,55890746,
4889,55890747,
4890,55890748,
4891,55890749,y
4892,55890750,
4893,55890751,y
4894,55890752,
4895,55890753,
4896,55890754,
4897,55890755,y
4898,55890756,y
4899,55890757,y
4900,55890758,y
4901,55890759,
4902,55890760,y
4903,55890761,
4904,55890762,
4905,55890763,
4906,55890764,y
4907,55890765,y
4908,55890766,
4909,55890767,y
4910,55890768,y
4911,55890769,y
4912,55890770,y
4913,55890771,y
4914,55890772,
4915,55890773,y
4916,55890774,y
4917,55890775,
4918,55890776,
4919,55890777,
4920,55890778,
4921,55890779,y
4922,55890780,y
4923,55890781,
4924,55890782,y
4925,55890783,
4926,55890784,y
4927,55890785,y
4928,55890786,
4929,55890787,y
4930,55890788,y
4931,55890789,y
4932,55890790,
4933,55890791,y
4934,55890792,y
4935,55890793,
4936,55890794,y
4937,55890795,y
4938,55890796,y
4939,55890797,
4940,55890798,
4941,55890799,
4942,55890800,
4943,55890801,
4944,55890802,y
4945,55890803,
4946,55890804,
4947,55890805,
4948,55890806,y
4949,55890807,
4950,55890808,
4951,55890809,
4952,55890810,
4953,55890811,
4954,55890812,
4955,55890813,y
4956,55890814,
4957,55890815,
4958,55890816,y
4959,55890817,y
4960,55890818,
4961,55890819,
4962,55890820,y
4963,55890821,
4964,55890822,
4965,55890823,
4966,55890824,
4967,55890825,
4968,55890826,y
4969,55890827,
4970,55890828,y
4971,55890829,y
4972,55890830,
4973,55890831,
4974,55890832,y
4975,55890833,y
4976,55890834,
4977,55890835,y
4978,55890836,y
4979,55890837,y
4980,55890838,
4981,55890839,
4982,55890840,y
4983,55890841,
4984,55890842,
4985,55890843,
4986,55890844,y
4987,55890845,
4988,55890846,y
4989,55890847,
4990,55890848,
4991,55890849,
4992,55890850,
4993,55890851,y
4994,55890852,
4995,55890853,
4996,55890854,y
4997,55890855,y
4998,55890856,
4999,55890857,y
